questions,answers
hai apa kabar,saya baik-baik saja. bagaimana denganmu?
aku baik-baik saja bagaimana dengan dirimu sendiri,saya cukup baik. terima kasih untuk bertanya.
saya cukup baik terima kasih telah bertanya,"tidak masalah. jadi, bagaimana kabarmu?"
tidak masalah jadi bagaimana kabarmu,saya sudah hebat. bagaimana denganmu
aku sudah hebat bagaimana denganmu,saya sudah baik. saya di sekolah sekarang.
aku sudah baik di sekolah sekarang,kamu sekolah dimana?
kamu sekolah dimana,saya pergi ke pcc.
saya pergi ke pcc,apakah kamu suka disana
apakah kamu suka disana,tidak masalah. itu kampus yang sangat besar.
"tidak apa-apa, ini adalah kampus yang sangat besar",semoga sukses dengan sekolah.
semoga sukses dengan sekolah,terima kasih banyak.
bagaimana kabarmu,aku baik-baik. bagaimana dengan kamu?
"aku baik-baik saja, bagaimana denganmu","tidak pernah lebih baik, terima kasih."
tidak pernah lebih baik terima kasih,jadi bagaimana kabarmu akhir-akhir ini?
jadi bagaimana kabarmu akhir-akhir ini,saya sebenarnya sudah cukup baik. kamu?
ive sebenarnya sudah cukup baik kamu,saya sebenarnya di sekolah sekarang.
saya sebenarnya di sekolah sekarang,sekolah mana yang kamu hadiri?
sekolah mana yang kamu hadiri,saya menghadiri pcc sekarang.
saya menghadiri pcc sekarang,apakah kamu menikmatinya di sana?
apakah kamu menikmatinya di sana,itu tidak buruk. ada banyak orang disana.
lumayan banyak orang disana,semoga beruntung dengan itu.
semoga beruntung dengan itu,terima kasih.
bagaimana kabar hari ini,saya baik-baik saja. bagaimana denganmu
"aku baik-baik saja, bagaimana denganmu","saya benar-benar cantik, terima kasih."
saya sangat senang terima kasih,semuanya baik-baik saja denganmu?
semuanya baik-baik saja denganmu,saya belum pernah lebih baik. bagaimana denganmu?
aku belum lebih baik bagaimana dengan dirimu sendiri,saya mulai sekolah baru-baru ini.
saya mulai sekolah baru-baru ini,kamu sekolah kemana
kemana kamu pergi ke sekolah,saya akan pergi ke pcc.
im akan pcc,bagaimana anda menyukainya sejauh ini?
bagaimana anda menyukainya sejauh ini,sejauh ini saya menyukainya. kelasku cukup bagus sekarang.
saya suka sejauh ini kelas saya cukup bagus sekarang,saya berharap anda beruntung.
ini hari yang buruk hari ini,aku tahu. saya pikir mungkin hujan.
saya tahu saya pikir mungkin hujan,"ini tengah musim panas, seharusnya tidak hujan hari ini."
ini tengah musim panas seharusnya tidak hujan hari ini,itu akan aneh.
itu akan aneh,"ya, terutama karena suhu di luar sembilan puluh derajat."
ya terutama karena suhu di luar sembilan puluh derajat,"saya tahu, akan sangat mengerikan jika hujan dan di luar panas."
saya tahu akan sangat mengerikan jika hujan dan di luar panas,"ya, itu akan menjadi. "
ya itu akan ,saya benar-benar berharap itu tidak terlalu panas setiap hari. 
saya benar-benar berharap itu tidak terlalu panas setiap hari ,saya juga. saya tidak bisa menunggu sampai musim dingin.
"saya juga, saya tidak bisa menunggu sampai musim dingin","saya suka musim dingin juga, tapi terkadang terlalu dingin."
saya suka musim dingin juga tapi kadang-kadang terlalu dingin,saya lebih suka kedinginan daripada panas.
aku lebih suka dingin daripada panas,saya juga.
tidak terlihat bagus di luar hari ini,kamu benar. saya pikir akan hujan nanti.
"anda benar, saya pikir ini akan hujan nanti","di tengah musim panas, seharusnya tidak hujan."
di tengah musim panas seharusnya tidak turun hujan,itu sepertinya tidak benar.
itu sepertinya tidak benar,"mengingat suhunya lebih dari sembilan puluh derajat di luar, itu akan aneh."
mengingat itu lebih dari sembilan puluh derajat di luar itu akan menjadi aneh,"tepatnya, tidak akan menyenangkan jika hujan mulai turun. ini terlalu panas."
persisnya tidak akan menyenangkan jika mulai hujan itu terlalu panas,"saya tahu, anda benar sekali."
saya tahu anda benar,saya berharap itu akan mendingin suatu hari nanti.
saya berharap itu akan mendingin suatu hari nanti,"itulah yang saya rasakan, saya ingin musim dingin segera datang."
"itulah yang saya rasakan, saya ingin musim dingin segera datang","saya menikmati musim dingin, tetapi kadang-kadang cuaca menjadi sangat dingin."
saya menikmati musim dingin tetapi kadang-kadang cuaca menjadi sangat dingin,"saya tahu apa yang anda maksud, tetapi saya lebih suka kedinginan daripada panas."
aku tahu apa yang kamu maksud tapi aku lebih suka dingin daripada panas,itulah yang saya rasakan.
saya berharap hari ini lebih menyenangkan,itu benar. saya harap tidak hujan.
itu benar saya harap tidak hujan,tidak akan hujan di tengah musim panas.
tidak akan hujan di tengah musim panas,sepertinya tidak akan benar jika hujan mulai turun sekarang.
sepertinya tidak akan benar jika hujan mulai turun sekarang,akan aneh jika hujan mulai turun dalam cuaca sembilan puluh derajat.
akan aneh jika hujan mulai turun dalam cuaca sembilan puluh derajat,hujan apa pun saat ini tidak ada gunanya.
hujan apa pun saat ini tidak ada gunanya,"itu benar, itu akan benar-benar terjadi."
"itu benar, itu akan benar-benar",saya ingin mendinginkan beberapa.
saya ingin mendinginkan beberapa,"saya tahu apa yang anda maksud, saya tidak bisa menunggu sampai musim dingin."
saya tahu apa yang anda maksud saya tidak bisa menunggu sampai musim dingin,musim dingin itu bagus. saya berharap kadang-kadang tidak terlalu dingin.
"musim dingin sangat bagus, saya berharap kadang-kadang tidak terlalu dingin",saya lebih suka menghadapi musim dingin daripada musim panas.
ini hari yang menyenangkan,ya itu.
ya itu,sepertinya akan segera hujan.
sepertinya akan segera hujan,"ya, dan saya harap begitu."
ya dan saya berharap begitu,mengapa demikian?
mengapa demikian,saya sangat suka bagaimana hujan membersihkan udara.
saya sangat suka bagaimana hujan membersihkan udara,saya juga. baunya selalu segar setelah hujan.
aku juga baunya selalu segar setelah hujan,"ya, tapi saya suka udara malam setelah hujan."
ya tapi saya suka udara malam setelah hujan,betulkah? kenapa sih?
sungguh mengapa itu,karena kamu bisa melihat bintang dengan sempurna.
karena kamu bisa melihat bintang dengan sempurna,saya sangat berharap hari ini hujan.
saya sangat berharap hari ini hujan,ya saya juga.
bukankah ini hari yang menyenangkan,ini benar-benar.
ini benar-benar,sepertinya hari ini mungkin hujan.
sepertinya hari ini mungkin hujan,semoga bisa.
semoga bisa,bagaimana bisa?
bagaimana bisa,saya suka betapa cerahnya langit setelah hujan.
saya suka betapa cerahnya langit setelah hujan,aku merasakan hal yang sama. baunya sangat harum setelah hujan.
saya merasakan hal yang sama baunya sangat harum setelah hujan,saya terutama menyukai udara malam saat hujan.
saya terutama menyukai udara malam saat hujan,betulkah? mengapa?
benarkah kenapa,bintang-bintang terlihat lebih dekat setelah hujan.
bintang-bintang terlihat lebih dekat setelah hujan,saya sangat ingin hujan hari ini.
saya sangat ingin hujan hari ini,"ya, aku juga."
tidakkah menurutmu itu bagus,"ya, saya rasa juga begitu."
ya saya pikir juga begitu,saya pikir itu akan hujan.
saya pikir itu akan hujan,saya harap hujan tidak turun.
saya harap hujan tidak turun,kamu suka hujan?
kamu suka hujan,langit terlihat sangat bersih setelah hujan. aku menyukainya.
langit terlihat sangat bersih setelah hujan aku menyukainya,saya mengerti. hujan memang membuat baunya lebih bersih.
saya mengerti bahwa hujan membuat baunya lebih bersih,saya paling suka bagaimana itu pada malam hari setelah hujan.
saya paling suka bagaimana itu pada malam hari setelah hujan,bagaimana bisa?
bagaimana bisa,anda bisa melihat bintang-bintang jauh lebih jelas setelah hujan.
anda bisa melihat bintang-bintang jauh lebih jelas setelah hujan,saya akan senang jika hujan hari ini.
saya sangat ingin pergi ke pantai akhir pekan ini,itu terdengar menyenangkan. akan seperti apa cuacanya?
kedengarannya menyenangkan seperti apa cuaca nantinya,saya mendengar bahwa akhir pekan ini akan menjadi hangat.
saya mendengar bahwa akhir pekan ini akan menjadi hangat,apakah ini akan menjadi cuaca pantai yang sempurna?
apakah ini akan menjadi cuaca pantai yang sempurna,saya yakin begitu.
saya yakin begitu,baik. saya harap itu tidak mendingin akhir pekan ini.
bagus saya harap itu tidak mendingin akhir pekan ini,aku tahu. saya sangat ingin pergi ke pantai.
saya tahu saya benar-benar ingin pergi ke pantai,tetapi anda tahu bahwa cuaca california benar-benar tidak dapat diprediksi.
tetapi anda tahu bahwa cuaca california benar-benar tidak dapat diprediksi,"kamu benar. satu menit panas, dan menit berikutnya dingin."
anda benar satu menit panas dan kemudian menit berikutnya dingin,saya benar-benar berharap cuacanya akan tetap sama.
saya benar-benar berharap cuacanya akan tetap sama,saya juga. dengan cara itu kita dapat merencanakan aktivitas kita sebelumnya.
saya juga begitu sehingga kita dapat merencanakan aktivitas kita sebelumnya,"ya, itu akan membuat segalanya lebih mudah."
saya ingin melakukan perjalanan ke pantai akhir pekan ini,perjalanan ke pantai pasti menyenangkan. bagaimana cuacanya?
perjalanan ke pantai akan menyenangkan bagaimana cuacanya nanti,ramalan cuaca mengatakan bahwa akhir pekan akan hangat.
ramalan cuaca mengatakan bahwa akhir pekan akan hangat,jadi menurutmu cuaca akan menjadi cuaca yang sempurna untuk pantai?
jadi menurutmu cuaca akan menjadi cuaca yang sempurna untuk pantai,kedengarannya seperti itu.
kedengarannya seperti itu,saya sangat berharap itu tidak dingin.
saya sangat berharap ini tidak menjadi dingin,"itu akan merusak banyak hal, aku sangat ingin pergi."
itu akan merusak hal-hal yang sangat ingin saya lakukan,"cuaca di california tidak dapat diprediksi, jadi anda tidak pernah tahu."
cuaca di california tidak dapat diprediksi sehingga anda tidak pernah tahu,itu benar. cuaca terus berubah.
memang benar cuaca terus berubah,alangkah baiknya jika cuaca tidak pernah berubah.
alangkah baiknya jika cuaca tidak pernah berubah,"itu akan bagus, lalu kita bisa merencanakan sesuatu lebih cepat."
itu akan bagus sehingga kita bisa merencanakan sesuatu lebih cepat,benar. cuaca yang dapat diprediksi akan membuat hidup lebih mudah.
alangkah baiknya pergi ke pantai sekitar akhir pekan ini,akan seperti apa cuacanya? saya mungkin ingin pergi juga.
bagaimana cuacanya nanti aku mungkin ingin pergi juga,cuaca akhir pekan ini seharusnya hangat.
cuaca akhir pekan ini seharusnya hangat,apakah cuaca pantai akan bagus?
apakah cuaca pantai akan bagus,saya pikir itu akan terjadi.
saya pikir itu akan terjadi,tidak akan baik jika akhir pekan ini dingin.
tidak akan baik jika akhir pekan ini menjadi dingin,"saya ingin perjalanan ini sempurna, semoga tetap hangat."
"saya ingin perjalanan ini sempurna, semoga tetap hangat","cuaca california ini sangat tidak pasti, tidak mungkin untuk mengetahui apa yang akan terjadi."
cuaca california ini sangat tidak pasti sehingga tidak mungkin untuk mengetahui apa yang akan terjadi,aku tahu. setiap hari cuacanya tampak berbeda.
saya tahu setiap hari cuacanya tampak berbeda,saya akan senang jika tidak selalu begitu tidak terduga.
saya akan senang jika tidak selalu begitu tidak terduga,yang akan memudahkan kami membuat rencana.
halo boleh saya bicara dengan alice,ini dia. bagaimana kabarmu?
ini dia bagaimana itu terjadi,saya telah mencoba menelepon anda sepanjang hari.
aku sudah mencoba meneleponmu sepanjang hari,maaf soal itu. saya sedang membersihkan.
maaf tentang itu saya sedang membersihkan,tidak masalah.
tidak masalah,jadi apa yang kamu panggil aku tentang?
jadi apa yang kamu panggil aku tentang,"oh, aku hanya ingin melihat apakah kamu ingin nongkrong besok."
oh saya hanya ingin melihat apakah anda ingin nongkrong besok,"tentu, apa yang ingin kamu lakukan?"
yakin apa yang ingin kamu lakukan,mungkin kita bisa pergi nonton film atau semacamnya.
mungkin kita bisa pergi nonton film atau semacamnya,itu terdengar menyenangkan. ayo lakukan.
"kedengarannya menyenangkan, mari kita lakukan",sampai jumpa besok.
sampai jumpa besok,sampai jumpa. selamat tinggal.
hai apa kabar alice disana,berbicara. ada apa?
berbicara apa,kenapa kamu tidak menjawab teleponnya?
kenapa kamu tidak menjawab telepon,"saya buruk, saya punya tugas yang harus dilakukan."
"saya buruk, saya memiliki tugas yang harus dilakukan",tidak apa-apa.
tidak apa-apa,apa alasan anda menelepon?
apa alasan anda menelepon,aku ingin melakukan sesuatu besok denganmu.
aku ingin melakukan sesuatu besok denganmu,kedengarannya bagus. apa yang kamu pikirkan?
terdengar bagus apa yang ada dalam pikiran anda,saya sedang berpikir untuk melihat film.
saya sedang berpikir untuk melihat film,"oke, ayo kita nonton film."
oke ayo nonton film,sampai saat itu.
sampai saat itu,bicara denganmu nanti.
apakah alice tersedia,anda sedang berbicara dengannya.
kamu sedang berbicara dengannya,saya telah menelepon anda ratusan kali hari ini.
ive meneleponmu seratus kali hari ini,saya sedang sibuk melakukan sesuatu. saya minta maaf.
saya sedang sibuk melakukan sesuatu yang saya minta maaf,tidak masalah.
tidak masalah,apakah kamu membutuhkan sesuatu?
apakah kamu membutuhkan sesuatu,apakah kamu ingin melakukan sesuatu besok?
apakah kamu ingin melakukan sesuatu besok,apakah ada tempat khusus yang ingin kamu tuju?
apakah ada tempat khusus yang ingin anda tuju,bagaimana dengan film?
bagaimana dengan film,film terdengar bagus.
film terdengar bagus,telepon aku besok.
pernahkah kamu melihat gadis baru di sekolah,"tidak, saya belum."
"tidak, saya belum",dia sangat cantik.
dia sangat cantik,gambarkan dia padaku.
gambarkan dia padaku,dia tidak terlalu tinggi.
dia tidak terlalu tinggi,"nah, berapa tinggi dia?"
nah berapa tinggi dia,tingginya sekitar lima kaki.
tingginya sekitar lima kaki,tapi seperti apa dia?
seperti apa tampangnya,dia memiliki mata coklat muda yang cantik.
dia memiliki mata coklat muda yang cantik,saya mungkin tahu gadis mana yang anda bicarakan.
saya mungkin tahu gadis mana yang anda bicarakan,jadi kamu telah melihatnya di sekitar?
jadi anda telah melihatnya di sekitar,ya saya punya.
"ada gadis baru di sekolah, apa kau belum melihatnya",saya belum melihatnya.
saya belum melihatnya,saya pikir dia sangat cantik.
saya pikir dia sangat cantik,ceritakan bagaimana penampilannya.
ceritakan bagaimana penampilannya,dia agak pendek.
dia agak pendek,tinggi berapa dia?
berapa tinggi dia,dia mungkin sekitar lima kaki.
dia mungkin sekitar lima kaki,"itu bagus, tapi katakan padaku seperti apa dia."
itu bagus tapi katakan padaku seperti apa dia,hal pertama yang saya perhatikan adalah mata cokelatnya yang indah.
hal pertama yang saya perhatikan adalah mata cokelatnya yang indah,saya pikir saya mungkin pernah bertemu dengannya sebelumnya.
saya pikir saya mungkin pernah bertemu dengannya sebelumnya,apakah anda memberi tahu saya bahwa anda pernah melihatnya sebelumnya?
apakah anda memberi tahu saya bahwa anda pernah melihatnya sebelumnya,saya yakin begitu.
sudahkah kamu bertemu gadis baru,tidak. sudahkah kamu
tidak punya kamu,dia salah satu gadis tercantik di sekolah.
dia salah satu gadis tercantik di sekolah,dia terlihat seperti apa?
dia terlihat seperti apa,"yah, dia cukup pendek."
yah dia cukup pendek,seberapa tinggi menurutmu dia?
seberapa tinggi menurutmu dia,saya akan mengatakan dia hanya lima kaki.
saya akan mengatakan dia hanya lima kaki,bagaimana dengan fitur wajahnya?
bagaimana dengan fitur wajahnya,"dia memiliki mata coklat muda, sangat cantik."
dia memiliki mata coklat muda yang sangat indah,saya rasa saya tahu siapa yang anda bicarakan.
saya rasa saya tahu siapa yang anda bicarakan,apakah kamu pernah melihatnya?
kenapa kamu tidak di sekolah kemarin,saya merasa tidak enak badan.
aku tidak enak badan,apa yang salah denganmu?
apa yang salah denganmu,perut saya mual.
perut saya mual,apakah anda merasa lebih baik sekarang?
apakah anda merasa lebih baik sekarang,saya belum merasa terlalu sehat.
saya belum merasa terlalu sehat,apakah anda ingin sesuatu yang membuat anda merasa lebih baik?
apakah kamu ingin sesuatu yang membuatmu merasa lebih baik,"tidak, terima kasih. saya sudah minum obat."
"tidak, terima kasih saya sudah minum obat",saya harap anda merasa lebih baik.
saya harap anda merasa lebih baik,terima kasih.
alasan apa yang kamu miliki untuk bolos sekolah,saya sakit.
saya sakit,bagaimana kamu sakit?
bagaimana kamu sakit,saya sakit perut.
saya sakit perut,apakah itu menjadi lebih baik?
apakah itu menjadi lebih baik,aku masih merasa tidak enak badan.
saya masih merasa tidak enak badan,apa kamu mau sesuatu untuk perutmu?
apa kamu mau apa saja untuk perutmu,saya mengambil sesuatu sebelumnya.
saya mengambil sesuatu sebelumnya,lebih baik.
lebih baik,terima kasih banyak.
kenapa kamu tidak pergi ke sekolah kemarin,saya tinggal di rumah karena saya merasa tidak enak badan.
saya tinggal di rumah karena saya merasa tidak enak badan,apa masalahmu
apa masalahmu,perut saya mengganggu saya.
perut saya mengganggu saya,apakah kamu merasa lebih baik?
apakah kamu merasa lebih baik,aku masih merasa sedikit mual.
saya masih merasa sedikit sakit,"saya akan pergi ke toko, apakah anda mau pepto bismol?"
saya akan pergi ke toko apakah anda ingin bismol pepto,tidak apa-apa.
tidak apa-apa,saya harap anda merasa lebih baik.
apakah kamu mendengar kabar baik,"tidak, saya belum."
"tidak, saya belum",saya mendapat promosi di pekerjaan saya.
saya mendapat promosi di pekerjaan saya,benarkah kamu?
apakah kamu benar-benar,"serius, saya sangat bersemangat."
serius saya sangat bersemangat,selamat.
selamat,terima kasih.
terima kasih,saya turut berbahagia untuk anda.
saya turut berbahagia untuk anda,betulkah?
betulkah,iya. kamu benar-benar pantas mendapatkan ini.
"ya, anda benar-benar pantas mendapatkan ini",kau pikir begitu?
kau pikir begitu,iya. bagus untukmu.
apakah anda sudah mendengar kabar baik saya,kamu belum memberitahuku apa-apa.
kamu belum memberitahuku apa-apa,saya mendapat promosi di tempat kerja awal minggu ini.
saya mendapat promosi di tempat kerja awal minggu ini,apakah itu benar?
apakah itu benar,itu kebenaran. saya sangat senang.
sebenarnya aku sangat senang,selamat atas promosimu.
selamat atas promosimu,terima kasih banyak.
terima kasih banyak,saya sangat senang untuk anda.
saya sangat senang untuk anda,apakah kamu benar-benar
apakah kamu benar-benar,aku serius. anda berhak mendapatkan promosi ini.
saya serius anda pantas mendapatkan promosi ini,apakah itu yang kamu pikirkan?
itu yang sebenarnya kamu pikirkan,"ya, benar."
"aku belum memberitahumu apa yang terjadi, iya",saya belum mendengar apa-apa.
saya belum mendengar apa-apa,"bos saya menawari saya promosi, dan saya menerimanya."
bos saya menawarkan saya promosi dan saya mengambilnya,apakah kamu serius?
apakah kamu serius,"ya, saya sangat senang."
ya saya sangat senang,itu keren. selamat.
itu selamat yang luar biasa,saya menghargai itu.
saya menghargai itu,anda tidak tahu betapa bahagianya saya untuk anda.
anda tidak tahu betapa bahagianya saya untuk anda,nyata?
kamu terlihat sangat baik hari ini ,terima kasih. saya baru saja mendapatkan pakaian ini beberapa hari yang lalu.
terima kasih saya baru saja mendapatkan pakaian ini beberapa hari yang lalu,"sungguh, darimana kamu mendapatkannya?"
benar-benar dari mana kamu mendapatkannya,saya mendapatkannya dari macy's.
saya mendapatkannya dari macys,ini sangat bagus.
ini sangat bagus,terima kasih lagi. kamu juga terlihat cantik hari ini.
terima kasih sekali lagi kamu terlihat bagus hari ini juga,terima kasih. saya baru saja mendapatkan sepatu ini hari ini.
"terima kasih, saya baru saja mendapatkan sepatu ini hari ini",betulkah? jenis sepatu apa itu?
benar-benar jenis sepatu apa itu,ini disebut semua taylors chuck bintang.
ini disebut semua taylors chuck bintang,saya sangat suka itu. berapa harganya?
saya sangat suka mereka berapa biayanya,harganya sekitar empat puluh dolar.
harganya sekitar empat puluh dolar,saya pikir saya akan pergi membeli sepasang.
saya sangat menyukai apa yang anda kenakan hari ini,kamu lakukan? saya baru saja membeli pakaian ini beberapa hari yang lalu.
anda lakukan saya baru saja membeli pakaian ini beberapa hari yang lalu,"serius, itu terlihat sangat bagus untukmu. di mana anda membelinya?"
serius itu terlihat sangat bagus pada anda dari mana anda membelinya,saya membelinya dari macy di mal santa anita.
saya membelinya dari macys di mal santa anita,saya sangat suka pakaian itu.
saya sangat suka pakaian itu,terima kasih. saya pikir anda terlihat baik hari ini juga.
terima kasih saya pikir kamu terlihat bagus hari ini juga,terima kasih. saya baru saja membeli sepatu baru ini sebelumnya hari ini.
terima kasih saya baru saja membeli sepatu baru ini sebelumnya hari ini,itu bagus. apakah mereka?
itu bagus apa adanya,ini beberapa chuck.
ini beberapa chuck,itu bagus. berapa harganya?
itu bagus berapa harganya,saya mendapatkannya untuk empat puluh.
saya mendapatkannya untuk empat puluh,saya pikir saya mungkin pergi dan menemukan saya sepasang chuck saya sendiri.
saya pikir anda terlihat sangat manis hari ini,apakah itu benar? ini adalah pakaian baru.
apakah benar ini pakaian baru,dari toko mana kamu mendapatkannya?
dari toko mana kamu mendapatkannya,saya pergi ke macy's dan mengambilnya.
saya pergi ke macys dan mengambilnya,saya suka pakaian anda sekarang.
saya suka pakaian anda sekarang,"baiklah, aku pikir kamu juga terlihat cantik hari ini."
baik saya pikir anda terlihat baik hari ini juga,terima kasih. saya menemukan sepatu baru ini sebelumnya di toko.
terima kasih saya menemukan sepatu baru ini sebelumnya di toko,saya pikir itu adalah beberapa sepatu yang sangat bagus. jenis apa mereka?
"saya pikir itu adalah beberapa sepatu yang sangat bagus, apa jenisnya",ini adalah chuck.
ini adalah chuck,sepatumu terlihat sangat bagus. berapa banyak kamu mendapatkannya?
sepatumu terlihat sangat bagus dengan harga berapa kamu mendapatkannya,mereka hanya menghabiskan biaya sekitar empat puluh dolar.
beri tahu saya apa yang anda sukai di waktu luang,saya menikmati menggambar dan melukis.
saya menikmati menggambar dan melukis,anda tahu cara menggambar dan melukis?
anda tahu cara menggambar dan melukis,"ya, benar."
ya saya lakukan,kapan anda belajar bagaimana melakukan itu?
kapan anda belajar bagaimana melakukan itu,saya belajar kembali di sekolah menengah.
saya belajar kembali di sekolah menengah,"oh, jadi kamu mengambil kelas seni?"
oh jadi anda mengambil kelas seni,"ya, saya suka kelas itu."
ya saya suka kelas itu,saya melihat bahwa anda cukup berbakat.
saya melihat bahwa anda sangat berbakat,terima kasih banyak.
terima kasih banyak,saya berharap saya memiliki bakat seperti itu.
saya berharap saya memiliki bakat seperti itu,saya yakin anda memiliki bakat. itu hanya disembunyikan.
hal-hal apa yang ingin anda lakukan,saya selalu suka menggambar dan melukis.
ive selalu suka menggambar dan melukis,saya tidak tahu anda tahu cara menggambar dan melukis.
saya tidak tahu anda tahu cara menggambar dan melukis,saya melakukannya sesekali.
saya melakukannya sesekali,berapa lama anda tahu bagaimana melakukan itu?
berapa lama anda tahu bagaimana melakukan itu,saya pertama kali belajar bagaimana melakukannya di sekolah menengah.
saya pertama kali belajar bagaimana melakukannya di sekolah menengah,apakah kamu mengambil kelas seni atau semacamnya?
apakah kamu mengambil semacam kelas seni atau semacamnya,itu kelas favoritku.
itu kelas favoritku,kamu harus berbakat.
kamu harus berbakat,terima kasih.
terima kasih,kalau saja saya berbakat.
kalau saja saya berbakat,anda memiliki bakat. anda belum tahu apa itu.
apakah ada hobi yang kamu lakukan,"ketika saya punya waktu, saya terkadang menggambar dan melukis."
ketika saya punya waktu saya kadang-kadang menggambar dan melukis,"oh, kamu benar-benar melakukan itu?"
oh anda benar-benar melakukan itu,"sering sekali, ya."
sering saya lakukan,apakah kamu selalu tahu cara menggambar dan melukis?
apakah kamu selalu tahu cara menggambar dan melukis,saya diajari di sekolah menengah cara menggambar dan melukis.
saya diajari di sekolah menengah cara menggambar dan melukis,kamu punya kelas seni?
anda memiliki kelas seni,"tepatnya, itu adalah kelas favoritku."
tepatnya itu adalah kelas favoritku,"baiklah, baguslah kau begitu berbakat."
baik itu bagus bahwa kamu sangat berbakat,saya menghargai itu.
saya menghargai itu,"bakat adalah hal yang hebat, saya berharap saya memilikinya."
apa film favoritmu,film favorit saya adalah superbad.
film favorit saya adalah superbad,oh kenapa begitu
oh kenapa begitu,itu film terlucu yang pernah saya lihat.
ini adalah film terlucu yang pernah saya lihat,itu benar. itu adalah film yang sangat lucu.
itu benar film yang sangat lucu,anda pernah melihatnya sebelumnya? 
anda pernah melihatnya sebelumnya ,"ya, saya menonton film itu pada hari pertama ditayangkan di bioskop."
"ya, saya melihat film itu pada hari pertama ditayangkan di bioskop",apakah kamu tidak tertawa sepanjang film? aku melakukannya.
tidakkah kamu tertawa sepanjang film yang aku lakukan,saya juga. film itu membuat saya berlinang air mata.
saya juga film itu membuat saya berlinang air mata,milikku juga.
milikku juga,saya memilikinya di dvd di rumah saya jika anda ingin datang dan menontonnya.
saya memilikinya di dvd di rumah saya jika anda ingin datang dan menontonnya,"tentu, ayo pergi."
film mana yang menjadi favorit kamu untuk ditonton,"harus saya katakan, film favorit saya adalah superbad."
saya harus mengatakan film favorit saya adalah superbad,apakah itu benar? mengapa?
apakah itu benar mengapa,"sejujurnya, ini adalah salah satu film terlucu yang pernah saya lihat dalam waktu yang lama."
sejujurnya ini adalah salah satu film terlucu yang pernah saya lihat dalam waktu yang lama,kamu benar. film itu lucu.
anda benar bahwa film itu lucu,saya tidak berpikir anda melihat film itu.
saya tidak berpikir anda melihat film itu,saya pergi untuk melihatnya pada hari itu keluar.
saya pergi untuk melihatnya pada hari itu keluar,saya tertawa sepanjang film.
saya tertawa sepanjang film,aku juga tidak bisa menahan tawa. 
saya tidak bisa menahan tawa juga ,sama disini.
sama disini,saya membeli filmnya. maukah kamu datang ke rumah saya dan menontonnya?
"saya membeli filmnya, apakah anda ingin datang ke rumah saya dan menontonnya",tentu saja.
"dari setiap film yang pernah anda tonton, mana yang menjadi favorit anda",saya harus mengatakan bahwa superbad adalah film terbaik yang pernah ada.
saya harus mengatakan bahwa superbad adalah film terbaik yang pernah ada,"anda pikir begitu, kenapa bisa?"
anda pikir begitu kenapa,"well, superbad sangat lucu."
well superbad sangat lucu,"anda tidak berbohong, saya menemukan bahwa film itu benar-benar lucu."
"anda tidak berbohong, saya menemukan bahwa film itu benar-benar lucu",saya tidak tahu bahwa anda melihat superbad sebelumnya.
saya tidak tahu bahwa anda melihat superbad sebelumnya,saya memastikan untuk mengantre untuk melihatnya pada hari pertama keluar.
saya memastikan untuk mengantre untuk melihatnya pada hari pertama keluar,saya tidak bisa menahan tawa sepanjang film.
aku tidak bisa menahan tawa di sepanjang film,saya tertawa histeris sepanjang waktu; otot perut saya sakit sesudahnya.
saya tertawa histeris sepanjang waktu otot perut saya sakit sesudahnya,itulah yang saya rasakan.
persis seperti itulah yang saya rasakan,"saya mendapatkan filmnya ketika sudah keluar di dvd, apakah anda ingin datang?"
jenis musik apa yang suka kamu dengarkan,saya suka mendengarkan berbagai jenis musik.
saya suka mendengarkan berbagai jenis musik,seperti apa misalnya?
seperti apa misalnya,saya menikmati rock dan r & b.
saya menikmati rock dan rb,mengapa demikian?
mengapa demikian,saya suka instrumen berbeda yang mereka gunakan.
saya suka instrumen berbeda yang mereka gunakan,itu alasan yang bagus untuk menyukai sesuatu.
itu alasan yang bagus untuk menyukai sesuatu,"ya, saya pikir juga begitu."
jenis musik apa yang senang anda dengarkan,saya menikmati mendengarkan semua jenis musik.
saya menikmati mendengarkan semua jenis musik,jenis apa?
jenis apa,saya suka mendengarkan rock dan r & b.
saya suka mendengarkan rock dan rb,kenapa kamu suka jenis musik itu?
mengapa kamu menyukai jenis musik itu,saya suka jenis instrumen yang mereka gunakan.
saya suka jenis instrumen yang mereka gunakan,saya pikir itu alasan yang bagus untuk menyukai sesuatu.
saya pikir itu alasan yang bagus untuk menyukai sesuatu,"terima kasih, saya merasakan hal yang sama."
apa jenis musik favoritmu,saya mendengarkan berbagai jenis musik.
saya mendengarkan berbagai jenis musik,genre apa?
genre apa,saya menikmati mendengarkan rock dan r & b.
saya menikmati mendengarkan rock dan rb,apa yang membuatmu tertarik dengan jenis musik itu?
apa yang menarik minat anda pada jenis musik itu,saya menikmati berbagai jenis instrumen yang mereka gunakan.
saya menikmati berbagai jenis instrumen yang mereka gunakan,itulah alasan yang sempurna untuk menyukai jenis musik tertentu.
apakah kamu pergi ke pertandingan bola basket pada hari jumat,"tidak, saya tidak bisa hadir."
"tidak, saya tidak bisa membuatnya",anda melewatkan pertandingan yang sangat bagus.
anda melewatkan pertandingan yang sangat bagus,oh benarkah? siapa yang menang?
oh sungguh siapa yang menang,sekolah kami melakukannya. mereka bermain sangat bagus.
"sekolah kami, apakah mereka bermain sangat baik",sayang sekali saya sibuk. saya benar-benar ingin pergi.
sayang sekali saya sibuk saya benar-benar ingin pergi,"ya, kamu harus punya. itu sangat menyenangkan."
ya anda harus memilikinya itu benar-benar menarik,jadi berapa skornya?
jadi berapa skornya,skornya 101-98.
skornya adalah 10198,"man, itu adalah pertandingan yang sangat dekat."
pria itu adalah pertandingan yang sangat dekat,itulah yang membuatnya begitu hebat.
itulah yang membuatnya begitu hebat,saya akan memastikan dan membuatnya ke yang berikutnya.
apakah kamu bisa menghadiri pertandingan basket jumat malam,saya tidak bisa datang.
saya tidak bisa datang,kamu seharusnya ada disana. itu intens.
"anda seharusnya berada di sana, itu sangat intens",apakah itu benar. siapa yang akhirnya menang?
adalah hak yang akhirnya menang,tim kami menang.
tim kami menang,saya berharap saya bebas malam itu. saya agak marah karena saya tidak pergi.
saya berharap saya bebas malam itu saya agak marah karena saya tidak pergi,itu adalah permainan yang bagus.
itu adalah permainan yang bagus,berapa skor di akhir pertandingan?
berapa skor di akhir pertandingan,tim kami menang 101-98.
tim kami menang 10198,terdengar seperti pertandingan yang dekat.
terdengar seperti pertandingan yang dekat,itulah alasan mengapa itu adalah permainan yang luar biasa.
itulah alasan mengapa itu adalah permainan yang hebat,"pertandingan berikutnya, saya pasti akan berada di sana."
saya bermaksud bertanya apakah anda melihat pertandingan bola basket pada hari jumat,"saya ingin pergi, tetapi saya tidak bisa."
saya ingin pergi tetapi saya tidak bisa,itu adalah permainan yang bagus.
itu adalah permainan yang bagus,sayang sekali aku tidak bisa hadir. siapa yang menang?
sayang sekali aku tidak bisa membuatnya siapa yang menang,tim kami bermain keras dan menang.
tim kami bermain keras dan menang,saya benar-benar berharap saya pergi ke permainan.
saya benar-benar berharap saya pergi ke permainan,itu adalah game terbaik yang pernah ada.
itu adalah game terbaik yang pernah ada,jadi beri tahu saya skor akhirnya.
jadi beri tahu saya skor akhirnya,"tim lainnya kalah tiga poin, 101-98. "
tim lainnya kalah tiga poin 10198 ,itu pasti pertandingan yang dekat.
itu pasti pertandingan yang dekat,itu benar-benar. kamu harus pergi.
apa yang kamu lakukan minggu ini,saya pergi ke bioskop dengan seorang teman. bagaimana dengan kamu?
saya akan pergi ke bioskop dengan seorang teman bagaimana dengan anda,saya belum yakin
saya belum yakin,"baik, apakah kamu ingin pergi nonton film dengan saya?"
baik apakah kamu ingin pergi menonton film dengan saya,film apa yang akan kamu tonton?
film apa yang akan kamu tonton,saya belum yakin apakah ada sesuatu yang ingin kamu lihat?
saya belum yakin apakah ada sesuatu yang ingin anda lihat,tidak ada yang bisa saya pikirkan.
tidak ada yang bisa saya pikirkan,"jadi, apakah kamu ingin pergi?"
begitu juga kamu ingin pergi,"tidak, terima kasih, mungkin lain kali."
"tidak, terima kasih mungkin lain kali","oke, kedengarannya bagus."
apakah kamu tahu apa yang akan kamu lakukan akhir pekan ini,saya akan melihat film dengan teman saya. bagaimana denganmu
saya akan melihat film dengan seorang teman saya bagaimana dengan anda,saya tidak tahu
saya tidak tahu,apakah anda ingin menonton film dengan saya dan teman saya?
apakah anda ingin melihat film dengan saya dan teman saya,apakah kamu tahu film apa yang akan kamu tonton?
apakah anda tahu film apa yang akan anda tonton,"saya tidak tahu, tetapi apakah ada film tertentu yang ingin anda tonton?"
saya tidak tahu tetapi apakah ada film tertentu yang ingin anda lihat,tidak ada yang bisa saya pikirkan.
tidak ada yang bisa saya pikirkan,"nah, maukah kamu pergi?"
"baik, maukah kamu pergi","terima kasih telah mengundang saya, tetapi saya pikir saya akan lulus."
terima kasih telah mengundang saya tetapi saya pikir sakit hati,baiklah. lain waktu.
anda punya ide tentang apa yang ingin anda lakukan akhir pekan ini,saya pergi ke bioskop dengan teman saya. apa yang akan kamu lakukan?
saya pergi ke bioskop dengan teman saya apa yang akan anda lakukan,saya belum yakin.
saya belum yakin,bagaimana jika anda melihat film dengan saya dan teman saya?
bagaimana jika anda melihat film dengan saya dan teman saya,film apa yang anda dan teman anda rencanakan untuk ditonton?
film apa yang anda dan teman anda rencanakan untuk ditonton,tidak yakin. apakah ada film yang menarik perhatian anda?
tidak yakin apakah ada film yang menarik perhatian anda,tidak ada film bagus yang terlintas dalam pikiran.
tidak ada film bagus yang terlintas dalam pikiran,apakah kamu sudah memutuskan ingin pergi atau tidak?
sudahkah anda memutuskan apakah anda ingin pergi atau tidak,"tidak, terima kasih. mungkin lain waktu."
apakah kamu pergi ke sekolah hari ini,"ya, saya pergi ke sekolah hari ini. apakah kamu disana"
ya saya pergi ke sekolah hari ini apakah kamu di sana,"tidak, saya tidak pergi, saya sakit."
"tidak, aku tidak pergi ive sakit",itu menyebalkan. apakah kamu menginginkan tugas dari kelas bahasa inggris?
menyebalkan apakah anda menginginkan tugas dari kelas bahasa inggris,"itu akan menyenangkan, terima kasih."
alangkah baiknya terima kasih,"tidak masalah, sama-sama."
"tidak masalah, selamat datang",saya akan senang melakukan hal yang sama untuk anda saat anda sakit.
saya akan senang melakukan hal yang sama untuk anda saat anda sakit,baiklah terima kasih. saya berharap untuk melihat anda di sekolah besok.
apakah kamu pernah bersekolah hari ini,saya bersekolah hari ini. apakah kamu?
aku bersekolah hari ini kan,saya tidak bisa bersekolah karena saya merasa sakit.
saya tidak bisa bersekolah karena saya merasa sakit,saya turut berduka mendengarnya. apakah kamu mau tugas dari kelas bahasa inggris?
saya menyesal mendengar bahwa anda ingin tugas dari kelas bahasa inggris,"saya akan sangat menghargai itu, terima kasih."
saya akan sangat menghargai terima kasih itu,tidak ada masalah sama sekali.
tidak ada masalah sama sekali,"jika kamu sakit, aku akan membalas budi."
jika anda sakit sakit balas budi,terima kasih. sampai jumpa di sekolah besok jika kamu merasa lebih baik.
apakah kamu pergi ke sekolah hari ini,saya pergi ke sekolah hari ini. apakah kamu pergi ke sekolah?
saya pergi ke sekolah hari ini apakah kamu pergi ke sekolah,"saya tidak bisa pergi ke sekolah hari ini, saya sakit."
saya tidak bisa pergi ke sekolah hari ini saya sakit,mengerikan. saya akan dengan senang hati memberi anda tugas dari kelas bahasa inggris.
itu mengerikan id dengan senang hati memberi anda tugas dari kelas bahasa inggris,"terima kasih banyak, anda baik sekali."
"terima kasih banyak, terima kasih banyak",jangan sebutkan itu.
jangan sebutkan itu,"ketika anda melewatkan satu hari sekolah, saya akan dengan senang hati memberi anda tugas bahasa inggris."
apakah kamu mendengar beritanya,apa yang terjadi?
apa yang terjadi,sepupu kami melahirkan dan melahirkan bayinya minggu lalu.
sepupu kami melahirkan dan melahirkan bayinya minggu lalu,dia melakukanya? kenapa tidak ada yang memberitahuku?
dia melakukan mengapa tidak ada yang memberitahuku,saya akan berpikir bahwa seseorang akan memberi tahu anda.
saya akan berpikir bahwa seseorang akan memberi tahu anda,"tidak, saya tidak tahu."
"tidak, saya tidak tahu","yah, dia melakukannya, bayinya 8 pon 6 ons."
baik yang dia lakukan bayinya adalah 8 pon 6 ons,"ya tuhan, bagus sekali!"
oh my god itu bagus,apakah kamu akan pergi dan mengunjunginya dan bayinya?
apakah kamu akan pergi dan mengunjunginya dan bayinya,saya pikir saya mungkin.
saya pikir saya mungkin,baik! saya hanya berpikir saya akan memberi tahu anda.
"bagus, saya hanya berpikir saya memberi tahu anda",terima kasih sudah memberitahuku.
pernahkah kamu mendengar apa yang terjadi,dengar apa?
mendengar apa,debrah sudah melahirkan bayinya.
debrah sudah melahirkan bayinya,saya tidak tahu itu.
saya tidak tahu itu,saya pikir kamu tahu.
saya pikir kamu tahu,sejujurnya saya tidak tahu.
sejujurnya saya tidak tahu,bayi itu beratnya 8 pon 6 ons.
bayi itu beratnya 8 pon 6 ons,itu terdengar baik.
itu terdengar baik,maukah kamu pergi dan mengunjungi mereka?
maukah kamu pergi dan mengunjungi mereka,tentu saja saya akan.
tentu saja saya akan,aku hanya ingin memberimu kabar baik.
aku hanya ingin memberimu kabar baik,terima kasih telah memberi tahu saya.
pernahkah kamu mendengar beritanya,saya belum mendengar apa-apa.
saya belum mendengar apa-apa,debrah melahirkan bayinya minggu lalu.
debrah melahirkan bayinya minggu lalu,tidak ada yang memberitahuku.
tidak ada yang memberitahuku,saya pikir anda mendengar.
saya pikir anda mendengar,saya benar-benar tidak diberitahu apa-apa.
saya benar-benar tidak diberitahu apa-apa,dia lucu 8 pon 6 ons.
dia lucu 8 pon 6 ons,"wow, seru sekali."
wow seru sekali,"saya tahu, anda harus benar-benar pergi dan melihatnya dan bayinya."
saya tahu anda harus benar-benar pergi dan melihatnya dan bayinya,tentu saja saya akan.
tentu saja saya akan,saya hanya ingin memberi tahu anda apa yang terjadi.
apakah kamu pergi ke sekolah hari ini,tentu saja. apakah kamu?
tentu saja kamu,"saya tidak mau, jadi saya tidak."
saya tidak ingin jadi saya tidak,"itu menyedihkan, tapi apakah kamu baru-baru ini pergi ke bioskop?"
itu menyedihkan tapi apakah kamu pergi ke bioskop baru-baru ini,itu sebuah saklar.
itu sebuah saklar,aku serius kan?
"aku serius, kamu","tidak, saya belum. mengapa?"
"tidak, saya belum tahu mengapa",saya sangat ingin pergi ke bioskop akhir pekan ini.
saya sangat ingin pergi ke bioskop akhir pekan ini,jadi pergilah.
jadi pergilah,saya benar-benar tidak ingin pergi sendiri.
saya benar-benar tidak ingin pergi sendiri,"baiklah, apakah kamu berencana pergi ke sekolah besok?"
baiklah apakah kamu berencana pergi ke sekolah besok,"tidak, saya pikir saya akan pergi ke bioskop."
apakah kamu berhasil ke sekolah hari ini,aku selalu melakukan. apakah kamu pergi ke sekolah hari ini?
saya selalu melakukan apakah kamu pergi ke sekolah hari ini,"tidak, saya tidak."
"tidak, saya tidak","anda harus melakukannya, tetapi apakah anda pernah menonton film akhir-akhir ini?"
anda harus melakukannya tetapi apakah anda pernah melihat film apa pun belakangan ini,itu adalah perubahan topik yang aneh.
itu adalah perubahan topik yang aneh,"mungkin memang begitu, tapi jawab pertanyaannya."
mungkin itu tapi jawab pertanyaannya,"tidak, tidak baru-baru ini."
"tidak, tidak baru-baru ini",saya ingin pergi menonton film akhir pekan ini.
saya ingin pergi menonton film akhir pekan ini,lalu apa yang menghentikanmu?
lalu apa yang menghentikanmu,saya tidak ingin pergi sendiri.
saya tidak ingin pergi sendiri,"jadi, apa kamu akan ada di sekolah besok?"
anda juga akan berada di sekolah besok,"tidak, saya ingin pergi ke bioskop saja."
apakah kamu repot-repot pergi ke sekolah hari ini,"ya, saya pergi. apakah kamu pergi?"
"ya aku pergi, apakah kamu pergi","tidak, saya tidak merasa seperti itu."
"tidak, aku tidak merasa seperti itu","itu bagus, apakah kamu pernah ke bioskop akhir-akhir ini?"
senang sekali kamu pergi ke bioskop akhir-akhir ini,"tidak, tapi itu adalah topik yang berubah secara acak."
"tidak, tapi itu adalah topik yang berubah secara acak","itu mungkin acak, tetapi apakah anda?"
itu mungkin acak tetapi apakah anda,saya belum akhir-akhir ini.
saya belum akhir-akhir ini,saya ingin sekali menonton film akhir pekan ini.
saya ingin sekali menonton film akhir pekan ini,"jadi, kenapa kamu tidak pergi saja?"
jadi mengapa kamu tidak pergi saja,saya tidak ingin melihat film sendiri.
saya tidak ingin melihat film sendiri,"oke, jadi apa kamu akan pergi ke sekolah besok?"
terima kasih sudah datang menemui saya hari ini,tidak masalah. aku benar-benar merindukanmu.
tidak masalah aku benar-benar merindukanmu,aku juga merindukan mu.
aku juga merindukan mu,mengapa kamu tidak mencoba untuk datang menemuiku?
mengapa kamu tidak mencoba untuk datang menemuiku,saya sangat sibuk.
aku sangat sibuk,melakukan apa?
melakukan apa,kerja.
kerja,"aku akan datang menemuimu lebih cepat, tapi aku juga sibuk."
aku akan datang menemuimu lebih cepat tapi aku juga sibuk,sudah lakukan apa?
sudah lakukan apa,saya telah bekerja juga.
ive telah bekerja juga,"baiklah, saya sangat senang anda datang menemui saya."
baik saya sangat senang bahwa anda datang menemui saya,saya juga.
saya sangat senang anda datang menemui saya,saya harus. aku sangat merindukanmu.
aku harus aku sangat merindukanmu,aku juga merindukanmu.
aku juga merindukanmu,"jadi, kenapa kamu belum mengunjungiku?"
jadi mengapa kamu belum mengunjungi saya,aku sebenarnya sibuk belakangan ini.
ive sebenarnya sibuk belakangan ini,sudah lakukan apa?
sudah lakukan apa,saya baru saja bekerja sangat keras.
ive baru saja bekerja sangat keras,saya juga sibuk.
ive juga sibuk,ceritakan apa yang selama ini kamu lakukan.
ceritakan apa yang selama ini kamu lakukan,"pada dasarnya, saya telah bekerja juga."
pada dasarnya saya telah bekerja juga,"terserah, aku senang kamu datang."
baik apa pun yang saya senang anda datang,aku juga.
saya sangat senang anda datang mengunjungi saya,aku sangat merindukanmu.
aku sangat merindukanmu,aku sangat merindukanmu.
aku sudah merindukanmu seperti orang gila,saya tidak mengerti mengapa anda tidak datang mengunjungi saya.
saya tidak mengerti mengapa anda belum datang mengunjungi saya,"akhir-akhir ini, saya cukup sibuk."
akhir-akhir ini aku cukup sibuk,ceritakan apa yang telah kamu lakukan.
ceritakan apa yang telah kamu lakukan,saya benar-benar telah bekerja banyak akhir-akhir ini.
akhir-akhir ini aku sangat banyak bekerja,saya sendiri sangat sibuk.
aku sendiri sangat sibuk,jadi apa yang telah kamu lakukan?
jadi apa yang telah kamu lakukan,saya baru saja banyak bekerja.
ive baru saja banyak bekerja,"apapun alasannya, saya senang anda mengunjungi saya."
hai apakah kamu mendengar tentang pesta jessicas akhir pekan ini,"ya, tapi saya masih menunggu undangan saya."
ya tapi saya masih menunggu undangan saya,oh benarkah? dia memberiku milikku hari ini.
oh sungguh dia memberiku milikku hari ini,"yah, dia mungkin akan memberiku undanganku nanti hari ini."
baik shell mungkin hanya memberikan saya undangan saya nanti hari ini,"ya, jadi apa kamu berencana pergi?"
ya jadi apakah anda berencana untuk pergi,aku pikir begitu. sepertinya akan sangat menyenangkan.
saya pikir sepertinya ini akan sangat menyenangkan,"itu benar-benar, saya tidak sabar."
itu benar-benar saya tidak sabar,jam berapa pestanya dimulai?
jam berapa pestanya dimulai,itu dimulai pada jam 8.
itu dimulai pada jam 8,"oh, yah, sejauh ini sudah berapa orang yang dia undang?"
"oh yah, berapa banyak orang yang telah dia undang sejauh ini","saya tidak yakin, tapi saya rasa dia tidak memberikan sebanyak itu."
saya tidak yakin tetapi saya tidak berpikir dia diberikan sebanyak itu,"baik, semoga dia memberi saya undangan saya nanti hari ini."
pernahkah kamu mendengar tentang pesta jessicas pada hari sabtu,"saya sudah mendengarnya, tapi saya masih menunggu undangan saya."
saya sudah mendengarnya tapi saya masih menunggu undangan saya,betulkah? aku mendapatkan milikku darinya pagi ini.
sungguh aku mendapatkan milikku darinya pagi ini,saya menduga bahwa dia akan memberi saya undangan saya hari ini atau besok.
saya menduga bahwa dia akan memberi saya undangan saya hari ini atau besok,"anda mungkin benar, apakah anda berniat pergi ke pesta?"
anda mungkin benar apakah anda berniat pergi ke pesta,aku ingin. saya dengar ini akan sangat menyenangkan.
saya ingin saya mendengarnya akan sangat menyenangkan,"saya tahu, kedengarannya cukup mengagumkan."
saya tahu itu terdengar sangat luar biasa,"nah, kapan pestanya dimulai?"
baik kapan pestanya dimulai,itu seharusnya dimulai sekitar pukul delapan.
itu seharusnya dimulai sekitar pukul delapan,berapa banyak undangan yang telah dia berikan?
berapa banyak undangan yang telah dia berikan,"saya benar-benar tidak tahu, tetapi saya pikir dia belum memberikan sebanyak itu."
saya benar-benar tidak tahu tetapi saya pikir dia belum memberikan sebanyak itu,"saya benar-benar ingin pergi, jadi saya harap dia segera memberi saya undangan."
apakah ada yang memberitahumu tentang pesta jessicas yang akan datang,saya sudah diberitahu tentang itu sudah. saya hanya menunggu undangan saya.
saya sudah diberitahu tentang itu saya hanya menunggu undangan saya,apakah itu benar? saya sudah mendapat undangan darinya sebelumnya.
apa benar aku sudah mendapat undangan darinya sebelumnya,saya percaya bahwa dia akan memberi saya undangan hari ini.
saya percaya bahwa dia akan memberi saya undangan hari ini,apakah kamu bahkan akan pergi?
apakah kamu bahkan akan pergi,"ya, sepertinya ini akan menjadi pesta terbaik tahun ini."
ya sepertinya ini akan menjadi pesta terbaik tahun ini,"tepatnya, sepertinya itu akan sangat menyenangkan."
sepertinya itu akan sangat menyenangkan,kapan tepatnya pesta dimulai?
kapan tepatnya pesta dimulai,undangan mengatakan itu dimulai pada 8:00
undangan mengatakan itu dimulai pada jam 800 malam,apakah dia sudah memberikan banyak undangan?
apakah dia sudah memberikan banyak undangan,"saya tidak tahu, dia belum memberikan banyak."
hai apa kabar,tidak ada yang benar-benar.
tidak ada yang benar-benar,saya mengadakan pesta pada hari jumat.
saya akan mengadakan pesta pada hari jumat,saya tidak menyadarinya.
saya tidak menyadarinya,kamu tidak?
kamu tidak,tidak ada yang memberitahuku tentang pestamu.
tidak ada yang memberitahuku tentang pestamu,apakah kamu mau pergi
apakah kamu mau pergi,kapan itu dimulai?
kapan itu dimulai,pada jam 8:00 malam
pada jam 800 malam,saya akan berada disana.
saya akan berada disana,lebih baik aku melihatmu di sana.
aku lebih baik melihatmu di sana,tentu saja.
kamu kenapa,baik. kamu kenapa?
baik apa yang terjadi denganmu,saya mengadakan pesta hari jumat ini.
saya mengadakan pesta hari jumat ini,saya tidak tahu.
saya tidak tahu,apakah itu benar?
apakah itu benar,saya tidak mendengar apa-apa tentang itu.
saya tidak mendengar apa-apa tentang itu,bisakah kamu pergi?
bisakah kamu pergi,jam berapa?
jam berapa,itu dimulai pada jam 8.
itu dimulai pada jam 8,aku akan pergi.
aku akan pergi,saya harap saya akan melihat anda di sana.
saya harap saya tidak melihat anda di sana,tanpa keraguan.
apa yang sedang terjadi,tidak banyak.
tidak banyak,"jumat ini, saya mengadakan pesta."
jumat ini saya mengadakan pesta,oh benarkah? saya tidak tahu itu.
oh sungguh saya tidak tahu itu,apakah kamu serius?
apakah kamu serius,saya belum mendengar apa-apa tentang itu.
saya belum mendengar apa-apa tentang itu,dapatkah anda membuatnya?
dapatkah anda membuatnya,jam berapa itu mulai?
jam berapa itu mulai,pesta dimulai pukul 8.
pesta dimulai pukul 8,"ya, saya pikir saya akan pergi."
ya saya pikir sakit pergi,apakah aku akan menemuimu di sana?
apa yang sedang terjadi,"tidak apa-apa, kamu?"
tidak ada yang benar-benar kamu,aku akan mengadakan pesta sabtu depan.
aku akan mengadakan pesta sabtu depan,apakah itu benar?
apakah itu benar,"ya, apakah kamu akan datang?"
"ya, apakah kamu akan datang","maaf, saya tidak bisa."
maaf saya tidak bisa,kenapa tidak?
kenapa tidak,saya tidak benar-benar ingin.
saya tidak benar-benar ingin,"baiklah, kenapa tidak?"
baik kenapa tidak,aku benci pergi ke pesta.
aku benci pergi ke pesta,"baiklah, tidak apa-apa."
baik tidak apa-apa,ya maaf.
ada apa,"tidak ada, bagaimana denganmu?"
"tidak, bagaimana denganmu","sabtu depan, saya akan mengadakan pesta."
sabtu depan aku akan mengadakan pesta,oh benarkah?
oh benarkah,kamu datang?
kamu datang,mungkin tidak.
mungkin tidak,mengapa demikian?
mengapa demikian,saya tidak ingin pergi.
saya tidak ingin pergi,kenapa tidak?
kenapa tidak,saya benar-benar tidak tahan pergi ke pesta.
saya benar-benar tidak tahan pergi ke pesta,"saya mengerti, saya rasa."
saya mengerti saya kira,maaf soal itu.
apa yang terjadi,"tidak banyak, bagaimana denganmu?"
"tidak banyak, bagaimana denganmu",saya akan mengadakan pesta sabtu depan.
saya akan mengadakan pesta sabtu depan,itu bagus.
itu bagus,apakah kamu akan kesana?
apakah kamu akan berada di sana,saya rasa tidak.
saya rasa tidak,apakah ada alasan kenapa
apakah ada alasannya mengapa,saya hanya benar-benar tidak ingin pergi.
saya hanya benar-benar tidak ingin pergi,bagaimana bisa?
bagaimana bisa,saya tidak terlalu suka pesta.
saya tidak terlalu suka pesta,"saya berharap anda akan pergi, tapi tidak apa-apa."
ada apa,"tidak banyak, apa yang terjadi?"
tidak banyak apa yang terjadi,saya mengadakan pesta hari jumat ini.
saya mengadakan pesta hari jumat ini,oh benarkah? itu bagus.
oh sungguh itu bagus,saya ingin melihat apakah anda ingin datang.
saya ingin melihat apakah anda ingin datang,"jumat ini? maaf, saya sudah punya rencana."
maaf jumat ini saya sudah punya rencana,melakukan apa?
melakukan apa,saya akan makan malam dengan keluarga saya.
saya akan makan malam dengan keluarga saya,"saya benar-benar ingin anda datang, tetapi saya mengerti."
saya benar-benar ingin anda datang tetapi saya mengerti,"ya, mungkin lain kali."
ya mungkin lain kali,aku akan menahanmu untuk itu.
sakit menahanmu untuk itu,kedengaranya seperti sebuah rencana.
hey apa yang baik denganmu,tidak banyak. bagaimana denganmu
"tidak banyak, bagaimana denganmu",saya mengadakan pesta pada hari jumat.
saya akan mengadakan pesta pada hari jumat,itu terdengar menyenangkan.
itu terdengar menyenangkan,apakah kamu pikir kamu bisa datang?
apakah kamu pikir kamu bisa datang,maafkan saya. saya sudah melakukan sesuatu hari jumat ini.
"maaf, saya sudah melakukan sesuatu pada hari jumat ini",apa yang akan kamu lakukan?
apa yang akan kamu lakukan,saya dan keluarga saya akan makan malam.
saya dan keluarga saya akan makan malam,saya berharap anda akan datang.
saya berharap anda akan datang,saya pasti akan mencoba membuatnya lain kali.
sakit pasti mencoba membuatnya lain kali,lebih baik aku melihatmu di sana.
aku lebih baik melihatmu di sana,baiklah. sampai ketemu lain kali.
apa yang sedang terjadi,tidak ada yang benar-benar. bagaimana dengan kamu?
tidak ada yang benar-benar bagaimana denganmu,"banyak, seperti pesta yang saya adakan pada hari jumat."
sangat mirip dengan pesta yang saya adakan pada hari jumat,"baik, itu keren."
baik itu keren,apakah kamu bisa membuatnya?
akankah kamu bisa membuatnya,saya sibuk hari jumat ini. maafkan saya.
"saya sibuk hari jumat ini, saya minta maaf",apa yang harus anda lakukan?
apa yang harus anda lakukan,saya sedang makan malam dengan keluarga saya
saya sedang makan malam dengan keluarga saya,mungkin kamu bisa datang lain kali.
mungkin kamu bisa datang lain kali,saya akan memastikan dan datang ke pesta anda berikutnya.
saya akan memastikan dan datang ke pesta anda berikutnya,saya akan mencari anda di pesta saya berikutnya.
senang berbicara denganmu,mengapa anda mencoba untuk mendesak saya dari telepon?
mengapa anda mencoba untuk mendesak saya dari telepon,saya benar-benar harus pergi.
saya benar-benar harus pergi,mengapa? saya masih ingin berbicara dengan anda.
mengapa saya masih ingin berbicara dengan anda,ada yang harus aku lakukan.
ada yang harus aku lakukan,seperti apa?
seperti apa,jangan usil.
jangan usil,saya tidak. saya hanya ingin tahu.
"saya tidak, saya hanya ingin tahu","baik, itu benar-benar bukan urusanmu."
baik itu benar-benar bukan urusanmu,itu kasar.
itu kasar,maaf tapi saya harus pergi.
maaf tapi saya harus pergi,baik.
ive senang mengobrol dengan anda,adakah alasan mengapa anda mencoba menutup telepon begitu cepat?
adakah alasan mengapa anda mencoba menutup telepon begitu cepat,saya harus pergi.
saya harus pergi,saya belum selesai berbicara dengan anda.
saya belum selesai berbicara dengan anda,"saya harus melakukan beberapa hal, dan selain itu, tidak sopan menjadi usil."
saya harus melakukan beberapa hal dan selain itu tidak sopan menjadi usil,saya tidak sedang usil. saya hanya bertanya.
"saya tidak usil, saya hanya bertanya",saya benar-benar tidak berpikir itu adalah urusan anda.
saya benar-benar tidak berpikir itu adalah urusan anda,itu tidak baik.
itu tidak baik,"saya minta maaf, tapi saya menutup telepon sekarang."
saya minta maaf tetapi saya menutup telepon sekarang,baik.
nanti saya hubungi lagi,apa terburu-buru?
apa terburu-buru,saya harus menutup telepon sekarang.
saya harus menutup telepon sekarang,saya belum siap untuk menutup telepon dengan anda.
saya tidak siap untuk menutup telepon dengan anda,ada hal-hal lain yang perlu saya jaga.
ada hal-hal lain yang perlu saya jaga,apa yang perlu kamu lakukan? 
apa yang perlu kamu lakukan ,tolong jangan usil.
tolong jangan usil,"saya tidak usil, itu hanya sebuah pertanyaan."
im tidak usil itu hanya sebuah pertanyaan,anda tidak perlu khawatir tentang itu.
anda tidak perlu khawatir tentang itu,itu berarti untuk dikatakan.
itu berarti untuk dikatakan,"saya sangat menyesal, tetapi saya harus pergi."
"baik, senang berbicara denganmu",senang berbicara denganmu juga.
senang berbicara denganmu juga,kita harus benar-benar jalan-jalan lagi.
kita harus benar-benar jalan-jalan lagi,itu akan menyenangkan.
itu akan menyenangkan,ke mana kamu mau pergi?
ke mana kamu mau pergi,saya pikir kita harus pergi makan.
saya pikir kita harus pergi makan,boleh juga.
boleh juga,"baiklah, jadi aku akan menemuimu nanti."
baiklah sampai jumpa,aku akan meneleponmu nanti.
aku akan meneleponmu nanti,"oke, aku akan bicara denganmu nanti."
oke aku akan bicara denganmu nanti,sampai jumpa lagi.
sampai jumpa lagi,selamat tinggal.
saya senang berbicara dengan anda,saya senang berbicara dengan anda juga.
saya senang berbicara dengan anda juga,kita harus jalan-jalan sebentar.
kita harus jalan-jalan sebentar,saya pikir itu akan menyenangkan.
saya pikir itu akan menyenangkan,apakah ada yang ingin kamu lakukan lain kali?
apakah ada yang ingin kamu lakukan lain kali,apakah kamu ingin pergi makan?
apakah kamu ingin keluar untuk makan,aku suka itu.
aku suka itu,jadi saya akan melihat anda lain kali.
sangat sakit sampai jumpa lain kali,aku akan meneleponmu segera. 
saya akan segera menghubungi anda ,nanti saya hubungi lagi.
nanti saya hubungi lagi,sampai jumpa lagi.
sampai jumpa lagi,selamat tinggal.
saya bersenang-senang berbicara dengan anda,sangat menyenangkan berbicara dengan anda juga.
sangat menyenangkan berbicara dengan anda juga,saya pikir kita harus benar-benar melakukan sesuatu kapan-kapan.
saya pikir kita harus benar-benar melakukan sesuatu kapan-kapan,itu pasti sangat menyenangkan.
itu pasti sangat menyenangkan,apa yang ingin kamu lakukan lain kali?
apa yang ingin kamu lakukan lain kali,apakah kamu ingin pergi makan malam atau sesuatu?
apakah anda ingin pergi makan malam atau sesuatu,"ya, mari kita lakukan itu."
ya mari kita lakukan itu,"oke, sampai nanti."
oke sampai waktu berikutnya,saya akan menelepon anda sehingga kami dapat mengaturnya.
sakit menelepon anda sehingga kami dapat mengaturnya,berbicara denganmu nanti.
berbicara denganmu nanti,"baiklah, sampai jumpa."
dimana kamu tinggal,saya tinggal di pasadena.
saya tinggal di pasadena,dimana pasadena?
dimana pasadena,itu di california.
itu di california,apakah itu di california utara?
apakah itu di california utara,tidak. itu di california selatan.
tidak ada di california selatan,apakah pasadena kota besar?
adalah pasadena kota besar,itu cukup besar.
itu cukup besar,seberapa besar cukup besar?
seberapa besar cukup besar,itu memiliki sekitar 140.000 orang.
itu memiliki sekitar 140000 orang,seberapa besar los angeles?
seberapa besar los angeles,itu memiliki sekitar 3 juta orang.
apakah kamu mempunyai mobil,"ya, benar."
ya saya lakukan,jenis mobil apa yang kamu punya?
jenis mobil apa yang kamu punya,saya punya honda.
saya punya honda,apakah ini baru
apakah itu baru,itu baru pada tahun 2003.
itu baru pada tahun 2003,"jadi, sudah cukup tua sekarang."
jadi sudah cukup tua sekarang,ya itu. tapi masih terlihat bagus.
ya itu tapi masih terlihat bagus,apakah kamu merawatnya dengan baik?
apakah kamu merawatnya dengan baik,oh ya. saya mencucinya seminggu sekali.
oh ya saya mencucinya seminggu sekali,apakah kamu mengganti oli?
apakah anda mengganti oli,mekanik saya mengganti oli dua kali setahun.
anda punya pacar,"tidak, saya tidak. apakah kamu?"
"tidak, aku tidak melakukannya",saya juga tidak punya pacar.
saya tidak punya pacar juga,kenapa tidak?
kenapa tidak,saya tidak tahu mungkin saya tidak cukup kaya.
saya tidak tahu mungkin saya tidak cukup kaya,perempuan menyukai laki-laki dengan uang.
perempuan menyukai laki-laki yang punya uang,mereka yakin melakukannya.
mereka yakin melakukannya,mereka menyukai pria dengan mobil baru.
mereka menyukai pria dengan mobil baru,saya tidak punya uang atau mobil baru.
saya tidak punya uang atau mobil baru,aku juga tidak.
aku juga tidak,tapi cewek suka cowok yang lucu.
tapi cewek suka cowok yang lucu,mungkin kita harus belajar lelucon yang bagus.
kemana kamu pergi,saya harus mengajak anjing jalan-jalan.
saya harus mengajak anjing jalan-jalan,jenis anjing apa yang kamu punya?
jenis anjing apa yang kamu punya,saya punya pudel kecil.
saya punya pudel kecil,pudel banyak menggonggong.
pudel banyak menggonggong,mereka yakin melakukannya.
mereka yakin melakukannya,mereka menggonggong dalam segala hal.
mereka menggonggong dalam segala hal,mereka tidak pernah tutup mulut.
mereka tidak pernah tutup mulut,mengapa kamu mendapatkan pudel?
mengapa anda mendapatkan pudel,itu anjing ibuku.
ini anjing ibuku,jadi dia suka pudel.
jadi dia suka pudel,dia bilang mereka anjing penjaga yang baik.
bisakah saya meminjam 5,tentu. kenapa kamu membutuhkannya
yakin mengapa anda membutuhkannya,saya ingin membeli makan siang
saya ingin membeli makan siang,dimana uangmu
dimana uangmu,itu tidak ada di dompet saya.
itu tidak ada di dompet saya,dompetmu kosong?
dompet anda kosong,saya bahkan tidak punya satu dolar pun di dalamnya.
saya bahkan tidak punya satu dolar pun di dalamnya,bangkrut tidak menyenangkan.
bangkrut tidak menyenangkan,meski hanya sebentar.
bahkan jika itu hanya sebentar,selalu menyenangkan memiliki teman.
selalu menyenangkan memiliki teman,teman akan meminjamkan uang saat anda bangkrut.
teman akan meminjamkan uang saat anda bangkrut,selama anda membayarnya kembali.
mari kita pergi ke pantai,itu ide yang bagus.
itu ide yang bagus,kami sudah lama tidak berkunjung.
kami belum lama ini,kita belum sebulan.
kami belum sebulan,"terakhir kali kami pergi, kamu hampir tenggelam."
"terakhir kali kami pergi, kamu hampir tenggelam","tidak, saya tidak."
"tidak, saya tidak",lalu mengapa penjaga pantai menyelam ke dalam air?
lalu mengapa penjaga pantai menyelam ke dalam air,saya pikir dia ingin menenangkan diri.
saya pikir dia ingin menenangkan diri,dia berenang ke arahmu.
dia berenang ke arahmu,dan kemudian dia berbalik.
dan kemudian dia berbalik,mungkin kau benar.
mungkin kau benar,mungkin kita harus pergi.
apakah kamu telah menikah,tidak. saya bercerai.
tidak saya bercerai,kapan kamu bercerai?
kapan kamu bercerai,saya bercerai dua tahun lalu.
saya bercerai dua tahun lalu,kenapa kamu bercerai?
mengapa kamu bercerai,istri saya meninggalkan saya.
istri saya meninggalkan saya,kenapa dia meninggalkanmu?
kenapa dia meninggalkanmu,dia bilang dia tidak mencintaiku lagi.
dia bilang dia tidak mencintaiku lagi,wow! itu buruk.
wow itu buruk,ya itu.
ya itu,kenapa dia tidak mencintaimu lagi?
kenapa dia tidak mencintaimu lagi,dia jatuh cinta dengan sahabatku.
saya bosan,ada apa di tv?
ada apa di tv,tidak ada.
tidak ada,pasti ada sesuatu di tv!
pasti ada sesuatu di tv,tidak ada yang menarik.
tidak ada yang menarik,bagaimana dengan acara permainan baru itu?
bagaimana dengan acara permainan baru itu,yang mana?
yang mana,setuju atau tidak setuju
setuju atau tidak setuju,ceritakan kamu bercanda.
ceritakan kamu bercanda,saya suka pertunjukan itu.
saya suka pertunjukan itu,saya menontonnya sekali. itu sudah cukup.
saya menontonnya sekali itu sudah cukup,itu sekarang. mari kita tonton bersama.
saya suka tinggal di sini,saya setuju. pasadena adalah kota yang menyenangkan.
saya setuju pasadena adalah kota yang menyenangkan,itu tidak terlalu besar.
itu tidak terlalu besar,dan itu tidak terlalu kecil.
dan itu tidak terlalu kecil,cuaca bagus sepanjang tahun.
cuaca bagus sepanjang tahun,itu memiliki parade mawar.
itu memiliki parade mawar,itu memiliki rumah yang indah.
itu memiliki rumah yang indah,itu memiliki restoran yang indah.
itu memiliki restoran yang indah,itu memiliki sekolah yang bagus.
itu memiliki sekolah yang bagus,itu dekat dengan pegunungan.
dekat dengan pegunungan,orang-orangnya ramah.
orang-orangnya ramah,aku tidak akan pernah pergi.
kami membutuhkan kasur baru,ada apa dengan yang satu ini?
ada apa dengan yang satu ini,itu tidak nyaman.
itu tidak nyaman,sepertinya baik-baik saja bagiku.
sepertinya baik-baik saja bagiku,saya berguling-guling sepanjang malam.
saya berguling-guling sepanjang malam,kamu harus berhenti minum kopi.
kamu harus berhenti minum kopi,lihat tanda-tanda ini di lenganku.
lihat tanda-tanda ini di lenganku,apakah mereka?
apakah mereka,itu adalah gigitan.
itu adalah gigitan,apakah kucing itu menggigitmu?
apakah kucing itu menggigitmu,tidak. kutu busuk di kasur itu menggigitku.
tidak ada kutu busuk di kasur itu yang menggigit saya,baik. ayo beli kasur baru.
laptop saya sangat lambat,beli yang baru.
beli yang baru,saya akan jika saya punya uang.
saya akan jika saya punya uang,kenapa sangat lambat?
mengapa,itu pertanyaan yang bagus.
